# Old old_group members
- name: Micheal Benedict
  old_group: true
  website: "https://www.linkedin.com/in/michealb"
  institution: Twitter
- name: Vinu Charanya Athangudi Purushothaman
  old_group: true
  website: "https://www.linkedin.com/in/vinucharanya"
  institution: Crushpath
- name: Anuja Raval
  old_group: true
  website: "https://www.linkedin.com/in/anujaraval"
  institution: Citi
- name: Bhaavyaa Kapoor
  old_group: true
  email: bhaavyaa@buffalo.edu
- name: Rajeshwari Adapalam
  old_group: true
  website: "https://www.linkedin.com/in/rajeshwariadapalam"
  institution: Citi
- name: Gino Buzzelli
  email: ginobuzz@buffalo.edu
  old_group: true
  institution: Microsoft
  website: "https://www.linkedin.com/in/ginobuzz"
- name: Sonali Batra
  email: sonaliba@buffalo.edu
  old_group: true
- name: Manoj Chandresekaran
  email: manojmyl@buffalo.edu
  old_group: true
  website: "https://www.linkedin.com/pub/manoj-mylapore-chandrasekaran/24/443/919"
  institution: Cerner
- name: Jay Inamdar
  email: jayinamd@buffalo.edu
  old_group: true
  website: "https://www.linkedin.com/pub/jay-inamdar/15/6a1/a36"
  institution: Microsemi
- name: Denise Blady
  email: dcblady@buffalo.edu
  old_group: true
  website: "https://www.linkedin.com/pub/denise-blady/24/a43/93a"
  institution: DISA
- name: Eric Lehner
  email: ericj@buffalo.edu
  old_group: true
  website: "https://www.linkedin.com/pub/eric-lehner/34/20a/56b"
  institution: MITRE
- name: Agrim Nigam
  old_group: true
  website: "https://www.linkedin.com/pub/agrim-nigam/a/8b6/5aa"
  institution: Holistic Labs
- name: John Gerber
  email: jgerber@buffalo.edu
  old_group: true
- name: Nishanth Vasisht
  email: nishanth@buffalo.edu
  old_group: true
  website: "https://www.linkedin.com/in/nishanthvasisht"
  institution: Sling Media
- name: Sean Zawicki
  old_group: true
  website: "https://twitter.com/seanzawi"
  institution: Black Pearl Systems
- name: Mitch Nguyen
  old_group: true
- name: Frank Rossi
  email: frankros@buffalo.edu
  old_group: true
  website: "https://www.linkedin.com/pub/frank-rossi/99/239/a09"
  institution: APPrise Mobile
- name: Jerry Ajay
  email: jerryant@buffalo.edu
  old_group: true
  institution: University at Buffalo
  website: "https://www.linkedin.com/in/jerryant"
# UB faculty
- name: Karthik Dantu
  email: kdantu@buffalo.edu
  website: "http://www.cse.buffalo.edu/faculty/kdantu/"
- name: Murat Demirbas
  email: demirbas@buffalo.edu
  website: "http://www.cse.buffalo.edu/faculty/demirbas/"
- name: Wen Dong
  email: wendong@buffalo.edu
  website: "http://www.cse.buffalo.edu/~wendong/"
- name: Jeff Good
  website: "http://www.acsu.buffalo.edu/~jcgood/"
- name: Jesse Hartloff
  email: hartloff@buffalo.edu
  website: "http://www.cse.buffalo.edu/~hartloff/index.html"
- name: Matthew Hertz
  email: mhertz@buffalo.edu
- name: Oliver Kennedy
  email: okennedy@buffalo.edu
  website: "http://odin.cse.buffalo.edu/people/oliver_kennedy.html"
- name: Andrew Hughes
  email: ahughes6@buffalo.edu
  website: "http://www.cse.buffalo.edu/~ahughes6/"
- name: Steven Y. Ko
  email: stevko@buffalo.edu
  website: "https://nsr.cse.buffalo.edu/?page_id=272"
- name: Tevfik Kosar
  email: tkosar@buffalo.edu
  website: "http://www.cse.buffalo.edu/faculty/tkosar/"
- name: Dimitrios Koutsonikolas
  email: dimitrio@buffalo.edu
  website: "http://www.cse.buffalo.edu/faculty/dimitrio/"
- name: Chris Renschler
  email: rensch@buffalo.edu
  website: "http://www.acsu.buffalo.edu/~rensch/"
- name: Chunming Qiao
  email: qiao@buffalo.edu
  website: "http://www.cse.buffalo.edu/~qiao/"
- name: Jennifer Winikus
  email: jwinikus@buffalo.edu
- name: Lukasz Ziarek
  email: lziarek@buffalo.edu
  website: "http://www.cse.buffalo.edu/~lziarek/"

# UB students
- name: Matt Adam
  email: mfadam@buffalo.edu
  website: "https://www.linkedin.com/pub/matthew-adam/4a/477/2b5"
- name: Rakesh Balasubramaniam
  email: rbalasub@buffalo.edu
  website: "https://www.linkedin.com/in/ramyarao"
- name: Steve Bass
  email: scbass@buffalo.edu
  website: "https://www.linkedin.com/in/bassman5001"
- name: Aishani Bhalla
  email: aishanib@buffalo.edu
  website: "https://www.linkedin.com/in/aishanibhalla"
- name: Mohit Bhatia
  email: mohitbha@buffalo.edu
  website: "http://www.acsu.buffalo.edu/~mohitbha/"
- name: Fatih Bulut
  email: mbulut@buffalo.edu
  website: "http://scholar.google.com/citations?user=aUaOP48AAAAJ"
- name: William Burgin
  email: waburgin@buffalo.edu
- name: Isabelle Caneda
  email: iacaneda@buffalo.edu
  website: "https://www.linkedin.com/in/iacaneda"
- name: Junjie Chen
  email: jchen232@buffalo.edu
- name: Zihe Chen
  email: zihechen@buffalo.edu
  website: "http://www.cse.buffalo.edu/~zihechen/"
- name: John Cherry
  email: johncher@buffalo.edu
- name: Adhish Chugh
  email: adhishch@buffalo.edu
  website: "https://www.linkedin.com/in/adhishchugh"
- name: Dan Conway
  email: dconway@buffalo.edu
- name: David Dobmeier
  email: daviddob@buffalo.edu
  link: "https://www.linkedin.com/in/daviddobmeier"
- name: Michael Drewitt
  email: mdrewitt@buffalo.edu
  website: "https://www.linkedin.com/in/michaeldrewitt"
- name: James Droste
  email: jamesdro@buffalo.edu
  website: https://james.droste.im/
- name: Timothy Eilinger
  email: tjeiling@buffalo.edu
  website: "https://www.linkedin.com/in/timothy-eilinger-ii-a658bab9"
- name: Scott Florentino
  email: scottflo@buffalo.edu
- name: Doug Giordano
  email: dmgiorda@buffalo.edu
- name: Liam Gensel
  email: liamgens@buffalo.edu
- name: Harshita Girase
  email: hvgirase@buffalo.edu
  website: "https://www.linkedin.com/in/harshitagirase"
- name: Tong Guan
  email: tongguan@buffalo.edu
- name: Liwen Gui
  email: liwengui@buffalo.edu
  website: "http://www.cse.buffalo.edu/people/?u=tongguan"
- name: Zhangyu Guan
  email: zguan2@buffalo.edu
- name: Richard Hanulewicz
  email: rshanule@buffalo.edu
- name: Patrick Jones
  email: prjones4@buffalo.edu
- name: Valencia Kaplinsky
  email: vakaplin@buffalo.edu
  website: "https://www.linkedin.com/in/valencia-kaplinsky-8060a0112"
- name: Heeba Kariapper
  email: heebakar@buffalo.edu
- name: Taeyeon Ki
  email: tki@buffalo.edu
  website: "http://www.cse.buffalo.edu/people/?u=tki"
- name: Angus Lam
  email: anguslam@buffalo.edu
  website: "https://www.linkedin.com/in/angushtlam"
- name: Lawreen Latif
  email: lawreenl@buffalo.edu
- name: Gela Malek Pour
  email: gelarehm@buffalo.edu
  website: "https://www.linkedin.com/in/gelarehm"
- name: James Mazur
  email: jamesmaz@buffalo.edu
- name: Matthew McGovern
  email: mgmcgove@buffalo.edu
  website: "https://www.linkedin.com/in/matthew-mcgovern-410168107"
- name: Ian Ngumi
  email: ianngumi@buffalo.edu
- name: Gino Notto
  email: ginonott@buffalo.edu
- name: Mukta Puri
  email: mpuri2@buffalo.edu
- name: Ramya Rao
  email: ramyarao@buffalo.edu
  website: "https://www.linkedin.com/in/ramyarao"
- name: Isaac Reath
  email: isaacrea@buffalo.edu
  website: "https://www.linkedin.com/in/isaac-reath-60304782"
- name: Rachel Roberts
  email: rar36@buffalo.edu
  website: "https://www.linkedin.com/in/rachelannroberts"
- name: Benjamin Rueda
  email: bjrueda@buffalo.edu
  website: "https://www.linkedin.com/in/benjamin-rueda-b5b186b2"
- name: Robert Rymarkczyk
  email: rtr3@buffalo.edu
  website: "https://www.linkedin.com/in/robert-rymarczyk-752b9a107"
- name: Natasha Sanford
  email: nsanford@buffalo.edu
- name: Parth Shah
  email: pdshah2@buffalo.edu
  website: "https://www.wayup.com/profile/Parth-Shah/3766b/08be7/"
- name: Feng Shen
  email: fengshen@buffalo.edu
- name: Mark Simson
  email: marksims@buffalo.edu
  website: "https://www.linkedin.com/in/marksimson"
- name: Ryan Smith
  email: ryansmit@buffalo.edu
- name: Dan Starner
  email: dcstarne@buffalo.edu
  website: "https://danstarner.me/"
- name: Junfei Wang
  email: junfeiwa@buffalo.edu
- name: Aditya Wagh
  email: aswagh@buffalo.edu
- name: Mack Ward
  email: mward4@buffalo.edu
- name: Evan Walley
  email: evanwall@buffalo.edu
  website: "http://www.acsu.buffalo.edu/~evanwall/"
- name: Zack Wieand
  email: zmwieand@buffalo.edu
  website: "https://www.acsu.buffalo.edu/~zmwieand/DMS221-Project1/"
- name: Zhen Xu
  email: zxu8@buffalo.edu
  website: "http://www.cse.buffalo.edu/people/?u=zxu8"
- name: Misa Yasumiishi
  email: misayasu@buffalo.edu
  website: "https://www.linkedin.com/in/misay"
- name: Vicky Zheng
  email: vickyzhe@buffalo.edu
  website: "https://www.linkedin.com/in/vzheng"
- name: Yousuf Zubairi
  email: yousufzu@buffalo.edu
  website: "https://www.facebook.com/public/Yousuf-Zubairi"

# External collaborators
- name: Rizwana Begum
  email: rb639@drexel.edu
  website: "https://www.linkedin.com/pub/rizwana-begum/45/108/1"
  institution: Drexel University
- name: Ranveer Chandra
  email: ranveer@microsoft.com
  website: https://www.microsoft.com/en-us/research/people/ranveer/
  institution: Microsoft Research
- name: Yih-Farn Chen
  email: chen@research.att.com
  # website: "http://www.research.att.com/people/Chen_Yih-farn_R"
  institution: AT&amp;T Labs Research
- name: Mark Hempstead
  email: mark@ece.tufts.edu
  website: "http://engineering.tufts.edu/ece/people/hempstead.htm"
  institution: Tufts University
- name: Raja Jurdak
  email: raja.jurdak@csiro.au
  website: "http://jurdak.com/"
  institution: CSIRO ICT Center
- name: Brano Kusy
  email: brano.kusy@csiro.au
  website: "http://people.csiro.au/K/B/Brano-Kusy.aspx"
  institution: CSIRO ICT Center
- name: Shuvendu Lahiri
  email: Shuvendu.Lahiri@microsoft.com
  website: https://www.microsoft.com/en-us/research/people/shuvendu/
  institution: Microsoft Research
- name: Z. Morley Mao
  email: zmao@umich.edu
  institution: University of Michigan
  website: http://web.eecs.umich.edu/~zmao/
- name: Tommaso Melodia
  email: melodia@ece.neu.edu
  website: "http://www.ece.neu.edu/wineslab/tmelodia.php"
  institution: Northeastern University
- name: Lei Meng
  email: lmeng@nd.edu
  institution: Notre Dame University
  website: https://engineering.nd.edu/profiles/lmeng
- name: Emiliano Miluzzo
  email: miluzzo@research.att.com
  website: "https://www.linkedin.com/pub/emiliano-miluzzo/2/606/a20"
  institution: AT&amp;T Labs Research
- name: Ashkan Nikravesh
  email: ashnik@umich.edu
  institution: University of Michigan
  website: http://web.eecs.umich.edu/~ashnik/
- name: Sean Purdon
  email: sean.purdon@csiro.au
  institution: University of Queensland
- name: Margo Seltzer
  email: margo@eecs.harvard.edu
  website: "http://www.eecs.harvard.edu/margo/"
  institution: Harvard University
- name: Immanuel Schweizer
  email: schweizer@tk.informatik.tu-darmstadt.de
  website: "https://www.tk.informatik.tu-darmstadt.de/en/people/immanuel-schweizer/"
  institution: Technische Universität Darmstadt
- name: Aaron Striegel
  email: striegel@nd.edu
  institution: Notre Dame University
  website: https://engineering.nd.edu/profiles/astriegel
- name: David Werner
  email: daw77@drexel.edu
  institution: Drexel University

# vim: ts=2:sw=2:et
